<jcr:root
        xmlns:sling="http://sling.apache.org/jcr/sling/1.0"
        xmlns:jcr="http://www.jcp.org/jcr/1.0"
        xmlns:cq="http://www.day.com/jcr/cq/1.0"
        jcr:primaryType="nt:unstructured"
        jcr:title="News Room Configuration"
        sling:resourceType="granite/ui/components/coral/foundation/form">

    <items jcr:primaryType="nt:unstructured">
        <!-- Tab Container -->
        <tabs jcr:primaryType="nt:unstructured"
              sling:resourceType="granite/ui/components/coral/foundation/tabs">

            <items jcr:primaryType="nt:unstructured">

                <!-- General Tab -->
                <generalTab jcr:primaryType="nt:unstructured"
                            jcr:title="General"
                            sling:resourceType="granite/ui/components/coral/foundation/container">

                    <items jcr:primaryType="nt:unstructured">
                        <!-- Ensure form fields are properly defined -->
                        <newsImage
                                jcr:primaryType="nt:unstructured"
                                sling:resourceType="granite/ui/components/coral/foundation/form/fileupload"
                                fieldLabel="Default News Image"
                                name="./defaultNewsImage"
                                description="Upload an image for the default news thumbnail"
                                multiple="{Boolean}false"/>

                        <readMoreText
                                jcr:primaryType="nt:unstructured"
                                sling:resourceType="granite/ui/components/coral/foundation/form/textfield"
                                fieldLabel="Read More CTA"
                                name="./readMoreCTA"
                                description="Enter the text for the Read More button"
                                placeholder="Read More"/>
                    </items>
                </generalTab>

            </items>
        </tabs>
    </items>
</jcr:root>
