<?xml version="1.0" encoding="UTF-8"?>
<jcr:root xmlns:sling="http://sling.apache.org/jcr/sling/1.0"
          xmlns:cq="http://www.day.com/jcr/cq/1.0"
          xmlns:jcr="http://www.jcp.org/jcr/1.0"
          jcr:primaryType="cq:Dialog"
          jcr:title="News List"
          sling:resourceType="cq/gui/components/authoring/dialog">
    <content jcr:primaryType="nt:unstructured"
             sling:resourceType="granite/ui/components/coral/foundation/container">
        <items jcr:primaryType="nt:unstructured">
            <newsItems jcr:primaryType="nt:unstructured"
                       sling:resourceType="granite/ui/components/coral/foundation/form/multifield"
                       fieldLabel="News Items">
                <field jcr:primaryType="nt:unstructured"
                       sling:resourceType="granite/ui/components/coral/foundation/form/container">
                    <items jcr:primaryType="nt:unstructured">
                        <title jcr:primaryType="nt:unstructured"
                               sling:resourceType="granite/ui/components/coral/foundation/form/textfield"
                               fieldLabel="News Title"
                               name="./title"/>
                        <source jcr:primaryType="nt:unstructured"
                                sling:resourceType="granite/ui/components/coral/foundation/form/textfield"
                                fieldLabel="News Source"
                                name="./source"/>
                    </items>
                </field>
            </newsItems>
        </items>
    </content>
</jcr:root>
